首都举行迎接新世纪新千年庆祝活动,http://data.people.com.cn.proxy.library.georgetown.edu/rmrb/pd.html?qs=%7B%22cds%22%3A%5B%7B%22fld%22%3A%22dataTime.start%22%2C%22cdr%22%3A%22AND%22%2C%22hlt%22%3A%22false%22%2C%22vlr%22%3A%22AND%22%2C%22qtp%22%3A%22DEF%22%2C%22val%22%3A%2220000101%22%7D%2C%7B%22fld%22%3A%22dataTime.end%22%2C%22cdr%22%3A%22AND%22%2C%22hlt%22%3A%22false%22%2C%22vlr%22%3A%22AND%22%2C%22qtp%22%3A%22DEF%22%2C%22val%22%3A%2220000131%22%7D%5D%2C%22obs%22%3A%5B%7B%22fld%22%3A%22dataTime%22%2C%22drt%22%3A%22ASC%22%7D%5D%7D&tr=A&pageNo=1&pageSize=50&position=0,20000101,1,"庆典,庆祝活动,新世纪",首都举行迎接新世纪新千年庆祝活动江泽民发表二０００年贺词并点燃中华圣火李鹏朱镕基李瑞环胡锦涛尉健行李岚清等出席。1999年12月31日晚至2000年1月1日凌晨，首都各界迎接新世纪新千年庆祝活动在北京中华世纪坛举行。
二○○○年贺词,http://data.people.com.cn.proxy.library.georgetown.edu/rmrb/pd.html?qs=%7B%22cds%22%3A%5B%7B%22fld%22%3A%22dataTime.start%22%2C%22cdr%22%3A%22AND%22%2C%22hlt%22%3A%22false%22%2C%22vlr%22%3A%22AND%22%2C%22qtp%22%3A%22DEF%22%2C%22val%22%3A%2220000101%22%7D%2C%7B%22fld%22%3A%22dataTime.end%22%2C%22cdr%22%3A%22AND%22%2C%22hlt%22%3A%22false%22%2C%22vlr%22%3A%22AND%22%2C%22qtp%22%3A%22DEF%22%2C%22val%22%3A%2220000131%22%7D%5D%2C%22obs%22%3A%5B%7B%22fld%22%3A%22dataTime%22%2C%22drt%22%3A%22ASC%22%7D%5D%7D&tr=A&pageNo=1&pageSize=50&position=1,20000101,1,"贺电,文化,历史",人类文明从古代文明发展到了现代文明。面对新的世纪之交和千年之交，每个国家有远见的政治家都应从历史的高度思考：未来的世界应该是一个什么样的世界，应该为实现这样一个世界作出什么样的贡献。
迎接新世纪的曙光（社论）,http://data.people.com.cn.proxy.library.georgetown.edu/rmrb/pd.html?qs=%7B%22cds%22%3A%5B%7B%22fld%22%3A%22dataTime.start%22%2C%22cdr%22%3A%22AND%22%2C%22hlt%22%3A%22false%22%2C%22vlr%22%3A%22AND%22%2C%22qtp%22%3A%22DEF%22%2C%22val%22%3A%2220000101%22%7D%2C%7B%22fld%22%3A%22dataTime.end%22%2C%22cdr%22%3A%22AND%22%2C%22hlt%22%3A%22false%22%2C%22vlr%22%3A%22AND%22%2C%22qtp%22%3A%22DEF%22%2C%22val%22%3A%2220000131%22%7D%5D%2C%22obs%22%3A%5B%7B%22fld%22%3A%22dataTime%22%2C%22drt%22%3A%22ASC%22%7D%5D%7D&tr=A&pageNo=1&pageSize=50&position=2,20000101,1,"新世纪,改革,创新",当今年的新年钟声敲响，全中国人民、全世界人民都怀着无比兴奋的心情迎接将要到来的新世纪曙光。一定要充分重视并正确处理好新形势下的人民内部矛盾，着重解决好改革开放中人民群众关心的突出问题。
天行健君子以自强不息（新千年抒怀）,http://data.people.com.cn.proxy.library.georgetown.edu/rmrb/pd.html?qs=%7B%22cds%22%3A%5B%7B%22fld%22%3A%22dataTime.start%22%2C%22cdr%22%3A%22AND%22%2C%22hlt%22%3A%22false%22%2C%22vlr%22%3A%22AND%22%2C%22qtp%22%3A%22DEF%22%2C%22val%22%3A%2220000101%22%7D%2C%7B%22fld%22%3A%22dataTime.end%22%2C%22cdr%22%3A%22AND%22%2C%22hlt%22%3A%22false%22%2C%22vlr%22%3A%22AND%22%2C%22qtp%22%3A%22DEF%22%2C%22val%22%3A%2220000131%22%7D%5D%2C%22obs%22%3A%5B%7B%22fld%22%3A%22dataTime%22%2C%22drt%22%3A%22ASC%22%7D%5D%7D&tr=A&pageNo=1&pageSize=50&position=3,20000101,1,"自强不息,天行健,民族精神",天行健君子以自强不息（新千年抒怀）。人们在享受20世纪科技飞速发展所创造的丰富物质财富的同时，不应忘记世界上还有数以亿计的人生活在贫困线下。而少数西方大国的霸权主义行径更是愈演愈烈。
江泽民主席致信叶利钦,http://data.people.com.cn.proxy.library.georgetown.edu/rmrb/pd.html?qs=%7B%22cds%22%3A%5B%7B%22fld%22%3A%22dataTime.start%22%2C%22cdr%22%3A%22AND%22%2C%22hlt%22%3A%22false%22%2C%22vlr%22%3A%22AND%22%2C%22qtp%22%3A%22DEF%22%2C%22val%22%3A%2220000101%22%7D%2C%7B%22fld%22%3A%22dataTime.end%22%2C%22cdr%22%3A%22AND%22%2C%22hlt%22%3A%22false%22%2C%22vlr%22%3A%22AND%22%2C%22qtp%22%3A%22DEF%22%2C%22val%22%3A%2220000131%22%7D%5D%2C%22obs%22%3A%5B%7B%22fld%22%3A%22dataTime%22%2C%22drt%22%3A%22ASC%22%7D%5D%7D&tr=A&pageNo=1&pageSize=50&position=4,20000101,1,"致信叶利钦,中俄关系,合作",江泽民主席致信叶利钦对他的辞职表示惋惜。我对我们之间的合作表示满意，对你为两国关系发展所做的历史性贡献表示高度赞赏，相信你今后一定会继续关心并促进两国关系向前发展。
俄总统叶利钦宣布辞职,http://data.people.com.cn.proxy.library.georgetown.edu/rmrb/pd.html?qs=%7B%22cds%22%3A%5B%7B%22fld%22%3A%22dataTime.start%22%2C%22cdr%22%3A%22AND%22%2C%22hlt%22%3A%22false%22%2C%22vlr%22%3A%22AND%22%2C%22qtp%22%3A%22DEF%22%2C%22val%22%3A%2220000101%22%7D%2C%7B%22fld%22%3A%22dataTime.end%22%2C%22cdr%22%3A%22AND%22%2C%22hlt%22%3A%22false%22%2C%22vlr%22%3A%22AND%22%2C%22qtp%22%3A%22DEF%22%2C%22val%22%3A%2220000131%22%7D%5D%2C%22obs%22%3A%5B%7B%22fld%22%3A%22dataTime%22%2C%22drt%22%3A%22ASC%22%7D%5D%7D&tr=A&pageNo=1&pageSize=50&position=5,20000101,1,"通知,决定,颁布",俄总统叶利钦宣布辞职任命总理普京代总统三月份举行大选。记者刘刚报道：俄罗斯总统叶利钦今天12时发表电视讲话说，他决定辞去总统职务，任命总理普京代总统。
去年全国税收收入突破万亿元大关,http://data.people.com.cn.proxy.library.georgetown.edu/rmrb/pd.html?qs=%7B%22cds%22%3A%5B%7B%22fld%22%3A%22dataTime.start%22%2C%22cdr%22%3A%22AND%22%2C%22hlt%22%3A%22false%22%2C%22vlr%22%3A%22AND%22%2C%22qtp%22%3A%22DEF%22%2C%22val%22%3A%2220000101%22%7D%2C%7B%22fld%22%3A%22dataTime.end%22%2C%22cdr%22%3A%22AND%22%2C%22hlt%22%3A%22false%22%2C%22vlr%22%3A%22AND%22%2C%22qtp%22%3A%22DEF%22%2C%22val%22%3A%2220000131%22%7D%5D%2C%22obs%22%3A%5B%7B%22fld%22%3A%22dataTime%22%2C%22drt%22%3A%22ASC%22%7D%5D%7D&tr=A&pageNo=1&pageSize=50&position=6,20000101,1,"税收收入,亿元大关,增值税",去年全国税收收入突破万亿元大关。据1999年12月31日各地国税局和地税局逐级连夜电话快报的数字统计，1999年全国税收收入完成10311亿元，比上年增长13.4％，增收1219亿元，超额完成了国务院提出的增收1000亿元目标。
大庆油田超额完成原油生产任务,http://data.people.com.cn.proxy.library.georgetown.edu/rmrb/pd.html?qs=%7B%22cds%22%3A%5B%7B%22fld%22%3A%22dataTime.start%22%2C%22cdr%22%3A%22AND%22%2C%22hlt%22%3A%22false%22%2C%22vlr%22%3A%22AND%22%2C%22qtp%22%3A%22DEF%22%2C%22val%22%3A%2220000101%22%7D%2C%7B%22fld%22%3A%22dataTime.end%22%2C%22cdr%22%3A%22AND%22%2C%22hlt%22%3A%22false%22%2C%22vlr%22%3A%22AND%22%2C%22qtp%22%3A%22DEF%22%2C%22val%22%3A%2220000131%22%7D%5D%2C%22obs%22%3A%5B%7B%22fld%22%3A%22dataTime%22%2C%22drt%22%3A%22ASC%22%7D%5D%7D&tr=A&pageNo=1&pageSize=50&position=7,20000101,1,"大庆油田,原油,生产",大庆油田超额完成原油生产任务。记者董伟报道：截至今天，大庆油田今年生产原油5450.8万吨，超额完成了1999年国家下达的5450万吨原油生产任务。
本报2000年发行达到预期目标,http://data.people.com.cn.proxy.library.georgetown.edu/rmrb/pd.html?qs=%7B%22cds%22%3A%5B%7B%22fld%22%3A%22dataTime.start%22%2C%22cdr%22%3A%22AND%22%2C%22hlt%22%3A%22false%22%2C%22vlr%22%3A%22AND%22%2C%22qtp%22%3A%22DEF%22%2C%22val%22%3A%2220000101%22%7D%2C%7B%22fld%22%3A%22dataTime.end%22%2C%22cdr%22%3A%22AND%22%2C%22hlt%22%3A%22false%22%2C%22vlr%22%3A%22AND%22%2C%22qtp%22%3A%22DEF%22%2C%22val%22%3A%2220000131%22%7D%5D%2C%22obs%22%3A%5B%7B%22fld%22%3A%22dataTime%22%2C%22drt%22%3A%22ASC%22%7D%5D%7D&tr=A&pageNo=1&pageSize=50&position=8,20000101,1,"发行,统计,邮政",本报2000年发行达到预期目标。
大亚湾核电站安全跨入2000年,http://data.people.com.cn.proxy.library.georgetown.edu/rmrb/pd.html?qs=%7B%22cds%22%3A%5B%7B%22fld%22%3A%22dataTime.start%22%2C%22cdr%22%3A%22AND%22%2C%22hlt%22%3A%22false%22%2C%22vlr%22%3A%22AND%22%2C%22qtp%22%3A%22DEF%22%2C%22val%22%3A%2220000101%22%7D%2C%7B%22fld%22%3A%22dataTime.end%22%2C%22cdr%22%3A%22AND%22%2C%22hlt%22%3A%22false%22%2C%22vlr%22%3A%22AND%22%2C%22qtp%22%3A%22DEF%22%2C%22val%22%3A%2220000131%22%7D%5D%2C%22obs%22%3A%5B%7B%22fld%22%3A%22dataTime%22%2C%22drt%22%3A%22ASC%22%7D%5D%7D&tr=A&pageNo=1&pageSize=50&position=9,20000101,1,"大亚湾核电站,安全跨入,安全生产",大亚湾核电站安全跨入2000年。由广东核电合营有限公司营运的大亚湾核电站一台机组在换料检修，一台机组安全稳定运行，表明大亚湾核电站已顺利度过Y2K最高风险日，安全跨入2000年。
北京地区天气预报,http://data.people.com.cn.proxy.library.georgetown.edu/rmrb/pd.html?qs=%7B%22cds%22%3A%5B%7B%22fld%22%3A%22dataTime.start%22%2C%22cdr%22%3A%22AND%22%2C%22hlt%22%3A%22false%22%2C%22vlr%22%3A%22AND%22%2C%22qtp%22%3A%22DEF%22%2C%22val%22%3A%2220000101%22%7D%2C%7B%22fld%22%3A%22dataTime.end%22%2C%22cdr%22%3A%22AND%22%2C%22hlt%22%3A%22false%22%2C%22vlr%22%3A%22AND%22%2C%22qtp%22%3A%22DEF%22%2C%22val%22%3A%2220000131%22%7D%5D%2C%22obs%22%3A%5B%7B%22fld%22%3A%22dataTime%22%2C%22drt%22%3A%22ASC%22%7D%5D%7D&tr=A&pageNo=1&pageSize=50&position=10,20000101,1,"天气预报,多云",北京地区天气预报。降水概率10％。
欢庆活动　丰富多彩,http://data.people.com.cn.proxy.library.georgetown.edu/rmrb/pd.html?qs=%7B%22cds%22%3A%5B%7B%22fld%22%3A%22dataTime.start%22%2C%22cdr%22%3A%22AND%22%2C%22hlt%22%3A%22false%22%2C%22vlr%22%3A%22AND%22%2C%22qtp%22%3A%22DEF%22%2C%22val%22%3A%2220000101%22%7D%2C%7B%22fld%22%3A%22dataTime.end%22%2C%22cdr%22%3A%22AND%22%2C%22hlt%22%3A%22false%22%2C%22vlr%22%3A%22AND%22%2C%22qtp%22%3A%22DEF%22%2C%22val%22%3A%2220000131%22%7D%5D%2C%22obs%22%3A%5B%7B%22fld%22%3A%22dataTime%22%2C%22drt%22%3A%22ASC%22%7D%5D%7D&tr=A&pageNo=1&pageSize=50&position=11,20000101,10,,王永荪　方义农　陈瑛制作　新华社发
表演,http://data.people.com.cn.proxy.library.georgetown.edu/rmrb/pd.html?qs=%7B%22cds%22%3A%5B%7B%22fld%22%3A%22dataTime.start%22%2C%22cdr%22%3A%22AND%22%2C%22hlt%22%3A%22false%22%2C%22vlr%22%3A%22AND%22%2C%22qtp%22%3A%22DEF%22%2C%22val%22%3A%2220000101%22%7D%2C%7B%22fld%22%3A%22dataTime.end%22%2C%22cdr%22%3A%22AND%22%2C%22hlt%22%3A%22false%22%2C%22vlr%22%3A%22AND%22%2C%22qtp%22%3A%22DEF%22%2C%22val%22%3A%2220000131%22%7D%5D%2C%22obs%22%3A%5B%7B%22fld%22%3A%22dataTime%22%2C%22drt%22%3A%22ASC%22%7D%5D%7D&tr=A&pageNo=1&pageSize=50&position=12,20000101,10,"文艺,学生,华侨",旅居美国东部的一些华人华侨近日在华盛顿举行大型文艺联欢会，喜迎新世纪新千年的到来。
图片新闻,http://data.people.com.cn.proxy.library.georgetown.edu/rmrb/pd.html?qs=%7B%22cds%22%3A%5B%7B%22fld%22%3A%22dataTime.start%22%2C%22cdr%22%3A%22AND%22%2C%22hlt%22%3A%22false%22%2C%22vlr%22%3A%22AND%22%2C%22qtp%22%3A%22DEF%22%2C%22val%22%3A%2220000101%22%7D%2C%7B%22fld%22%3A%22dataTime.end%22%2C%22cdr%22%3A%22AND%22%2C%22hlt%22%3A%22false%22%2C%22vlr%22%3A%22AND%22%2C%22qtp%22%3A%22DEF%22%2C%22val%22%3A%2220000131%22%7D%5D%2C%22obs%22%3A%5B%7B%22fld%22%3A%22dataTime%22%2C%22drt%22%3A%22ASC%22%7D%5D%7D&tr=A&pageNo=1&pageSize=50&position=13,20000101,10,"街道,“2000”",莫斯科居民用彩灯将主要街道两侧的楼房装饰一新，以迎接新千年的到来。
克林顿：期盼创新突破,http://data.people.com.cn.proxy.library.georgetown.edu/rmrb/pd.html?qs=%7B%22cds%22%3A%5B%7B%22fld%22%3A%22dataTime.start%22%2C%22cdr%22%3A%22AND%22%2C%22hlt%22%3A%22false%22%2C%22vlr%22%3A%22AND%22%2C%22qtp%22%3A%22DEF%22%2C%22val%22%3A%2220000101%22%7D%2C%7B%22fld%22%3A%22dataTime.end%22%2C%22cdr%22%3A%22AND%22%2C%22hlt%22%3A%22false%22%2C%22vlr%22%3A%22AND%22%2C%22qtp%22%3A%22DEF%22%2C%22val%22%3A%2220000131%22%7D%5D%2C%22obs%22%3A%5B%7B%22fld%22%3A%22dataTime%22%2C%22drt%22%3A%22ASC%22%7D%5D%7D&tr=A&pageNo=1&pageSize=50&position=14,20000101,10,"创新,贺电,“电子资源的宝库”",（记者袁炳忠）美国总统克林顿30日发表迎接新千年的书面贺词，指出美国在未来年代里面临着机遇与挑战。
金大中：实现五大任务,http://data.people.com.cn.proxy.library.georgetown.edu/rmrb/pd.html?qs=%7B%22cds%22%3A%5B%7B%22fld%22%3A%22dataTime.start%22%2C%22cdr%22%3A%22AND%22%2C%22hlt%22%3A%22false%22%2C%22vlr%22%3A%22AND%22%2C%22qtp%22%3A%22DEF%22%2C%22val%22%3A%2220000101%22%7D%2C%7B%22fld%22%3A%22dataTime.end%22%2C%22cdr%22%3A%22AND%22%2C%22hlt%22%3A%22false%22%2C%22vlr%22%3A%22AND%22%2C%22qtp%22%3A%22DEF%22%2C%22val%22%3A%2220000131%22%7D%5D%2C%22obs%22%3A%5B%7B%22fld%22%3A%22dataTime%22%2C%22drt%22%3A%22ASC%22%7D%5D%7D&tr=A&pageNo=1&pageSize=50&position=15,20000101,10,"五大任务,民族,颁布",金大中在献词中提出了韩国在2000年需要实现的五大任务，这五大任务包括：实现国民和睦。
米洛舍维奇：祝愿和平自由,http://data.people.com.cn.proxy.library.georgetown.edu/rmrb/pd.html?qs=%7B%22cds%22%3A%5B%7B%22fld%22%3A%22dataTime.start%22%2C%22cdr%22%3A%22AND%22%2C%22hlt%22%3A%22false%22%2C%22vlr%22%3A%22AND%22%2C%22qtp%22%3A%22DEF%22%2C%22val%22%3A%2220000101%22%7D%2C%7B%22fld%22%3A%22dataTime.end%22%2C%22cdr%22%3A%22AND%22%2C%22hlt%22%3A%22false%22%2C%22vlr%22%3A%22AND%22%2C%22qtp%22%3A%22DEF%22%2C%22val%22%3A%2220000131%22%7D%5D%2C%22obs%22%3A%5B%7B%22fld%22%3A%22dataTime%22%2C%22drt%22%3A%22ASC%22%7D%5D%7D&tr=A&pageNo=1&pageSize=50&position=16,20000101,10,"米洛舍维奇,自由,和平",记者吕岩松、谢戎彬报道：新年前夕，南斯拉夫联盟总统米洛舍维奇就南国内局势和对新千年的展望等问题接受了南《政治报》的采访。他指出，南联盟人民永远不能忘记1999年以美国为首的北约对南联盟的武装侵略。
未来学家如是说,http://data.people.com.cn.proxy.library.georgetown.edu/rmrb/pd.html?qs=%7B%22cds%22%3A%5B%7B%22fld%22%3A%22dataTime.start%22%2C%22cdr%22%3A%22AND%22%2C%22hlt%22%3A%22false%22%2C%22vlr%22%3A%22AND%22%2C%22qtp%22%3A%22DEF%22%2C%22val%22%3A%2220000101%22%7D%2C%7B%22fld%22%3A%22dataTime.end%22%2C%22cdr%22%3A%22AND%22%2C%22hlt%22%3A%22false%22%2C%22vlr%22%3A%22AND%22%2C%22qtp%22%3A%22DEF%22%2C%22val%22%3A%2220000131%22%7D%5D%2C%22obs%22%3A%5B%7B%22fld%22%3A%22dataTime%22%2C%22drt%22%3A%22ASC%22%7D%5D%7D&tr=A&pageNo=1&pageSize=50&position=17,20000101,10,"未来学会,《2000年展望》,信息",未来学家如是说。未来学会还对一些著名未来学者的预言与现实作了一番对照，发现其中一些有趣的对和错。许多未来学者一般只预测几十年后的事情，但世界未来学会副会长格拉汉姆·莫里特尔却把眼光对准人类社会今后1000年的命运，发出了大胆而有启发性的预言。
旅美华人华侨祝福祖国,http://data.people.com.cn.proxy.library.georgetown.edu/rmrb/pd.html?qs=%7B%22cds%22%3A%5B%7B%22fld%22%3A%22dataTime.start%22%2C%22cdr%22%3A%22AND%22%2C%22hlt%22%3A%22false%22%2C%22vlr%22%3A%22AND%22%2C%22qtp%22%3A%22DEF%22%2C%22val%22%3A%2220000101%22%7D%2C%7B%22fld%22%3A%22dataTime.end%22%2C%22cdr%22%3A%22AND%22%2C%22hlt%22%3A%22false%22%2C%22vlr%22%3A%22AND%22%2C%22qtp%22%3A%22DEF%22%2C%22val%22%3A%2220000131%22%7D%5D%2C%22obs%22%3A%5B%7B%22fld%22%3A%22dataTime%22%2C%22drt%22%3A%22ASC%22%7D%5D%7D&tr=A&pageNo=1&pageSize=50&position=18,20000101,10,"美国大华府地区大陆大专,华侨,祝词",旅美华人华侨祝福祖国。香港和澳门的回归证明了‘一国两制’是实现中国统一的必由之路。海内外华人报效祖国的热忱，又必将成为祖国更加高速发展的动力。我们共同的心愿是以自己在美国的所学来报效祖国。
克雷蒂安：呼唤乐观自信,http://data.people.com.cn.proxy.library.georgetown.edu/rmrb/pd.html?qs=%7B%22cds%22%3A%5B%7B%22fld%22%3A%22dataTime.start%22%2C%22cdr%22%3A%22AND%22%2C%22hlt%22%3A%22false%22%2C%22vlr%22%3A%22AND%22%2C%22qtp%22%3A%22DEF%22%2C%22val%22%3A%2220000101%22%7D%2C%7B%22fld%22%3A%22dataTime.end%22%2C%22cdr%22%3A%22AND%22%2C%22hlt%22%3A%22false%22%2C%22vlr%22%3A%22AND%22%2C%22qtp%22%3A%22DEF%22%2C%22val%22%3A%2220000131%22%7D%5D%2C%22obs%22%3A%5B%7B%22fld%22%3A%22dataTime%22%2C%22drt%22%3A%22ASC%22%7D%5D%7D&tr=A&pageNo=1&pageSize=50&position=19,20000101,10,"加拿大人,贺电,历史",本报渥太华电记者邹德浩报道：在2000年来临之际，加拿大总理克雷蒂安在渥太华发表新年贺词，希望加拿大人能以乐观且充满信心的态度，迎接下一个世纪的到来。
“红白歌”与“千年虫”,http://data.people.com.cn.proxy.library.georgetown.edu/rmrb/pd.html?qs=%7B%22cds%22%3A%5B%7B%22fld%22%3A%22dataTime.start%22%2C%22cdr%22%3A%22AND%22%2C%22hlt%22%3A%22false%22%2C%22vlr%22%3A%22AND%22%2C%22qtp%22%3A%22DEF%22%2C%22val%22%3A%2220000101%22%7D%2C%7B%22fld%22%3A%22dataTime.end%22%2C%22cdr%22%3A%22AND%22%2C%22hlt%22%3A%22false%22%2C%22vlr%22%3A%22AND%22%2C%22qtp%22%3A%22DEF%22%2C%22val%22%3A%2220000131%22%7D%5D%2C%22obs%22%3A%5B%7B%22fld%22%3A%22dataTime%22%2C%22drt%22%3A%22ASC%22%7D%5D%7D&tr=A&pageNo=1&pageSize=50&position=20,20000101,10,"“千年虫”,“红白歌”,《敲响钟声的人是你》",本报驻日本记者于青。说到新年，许多日本人都会联想到“红白歌”。日本是亚洲最早进入二○○○年的国家。据统计，日本有二百万人备战“千年虫”。日本电信电话公司则劝告用户不要在子夜过后过多用电话拜年。
曼谷古城火树银花,http://data.people.com.cn.proxy.library.georgetown.edu/rmrb/pd.html?qs=%7B%22cds%22%3A%5B%7B%22fld%22%3A%22dataTime.start%22%2C%22cdr%22%3A%22AND%22%2C%22hlt%22%3A%22false%22%2C%22vlr%22%3A%22AND%22%2C%22qtp%22%3A%22DEF%22%2C%22val%22%3A%2220000101%22%7D%2C%7B%22fld%22%3A%22dataTime.end%22%2C%22cdr%22%3A%22AND%22%2C%22hlt%22%3A%22false%22%2C%22vlr%22%3A%22AND%22%2C%22qtp%22%3A%22DEF%22%2C%22val%22%3A%2220000131%22%7D%5D%2C%22obs%22%3A%5B%7B%22fld%22%3A%22dataTime%22%2C%22drt%22%3A%22ASC%22%7D%5D%7D&tr=A&pageNo=1&pageSize=50&position=21,20000101,10,"火树银花,曼谷王家田广场,古城",曼谷古城火树银花。广场中央矗立着一个高23米的大型铁架，顶端放置一个高1.2米、长8米的大型新千年倒计时电子钟。入夜王家田广场火树银花灿烂辉煌。
探戈之都五彩缤纷,http://data.people.com.cn.proxy.library.georgetown.edu/rmrb/pd.html?qs=%7B%22cds%22%3A%5B%7B%22fld%22%3A%22dataTime.start%22%2C%22cdr%22%3A%22AND%22%2C%22hlt%22%3A%22false%22%2C%22vlr%22%3A%22AND%22%2C%22qtp%22%3A%22DEF%22%2C%22val%22%3A%2220000101%22%7D%2C%7B%22fld%22%3A%22dataTime.end%22%2C%22cdr%22%3A%22AND%22%2C%22hlt%22%3A%22false%22%2C%22vlr%22%3A%22AND%22%2C%22qtp%22%3A%22DEF%22%2C%22val%22%3A%2220000131%22%7D%5D%2C%22obs%22%3A%5B%7B%22fld%22%3A%22dataTime%22%2C%22drt%22%3A%22ASC%22%7D%5D%7D&tr=A&pageNo=1&pageSize=50&position=22,20000101,10,"五彩缤纷,元旦,庆典",本报驻阿根廷记者兰才基。连日来，布宜诺斯艾利斯市各大商场、超市和店铺从早到晚播放着富有阿根廷民族风情的探戈舞曲和其它民间歌曲。元旦晚餐是阿根廷人迎接新千年活动中不可缺少的一部分。
争睹第一缕阳光,http://data.people.com.cn.proxy.library.georgetown.edu/rmrb/pd.html?qs=%7B%22cds%22%3A%5B%7B%22fld%22%3A%22dataTime.start%22%2C%22cdr%22%3A%22AND%22%2C%22hlt%22%3A%22false%22%2C%22vlr%22%3A%22AND%22%2C%22qtp%22%3A%22DEF%22%2C%22val%22%3A%2220000101%22%7D%2C%7B%22fld%22%3A%22dataTime.end%22%2C%22cdr%22%3A%22AND%22%2C%22hlt%22%3A%22false%22%2C%22vlr%22%3A%22AND%22%2C%22qtp%22%3A%22DEF%22%2C%22val%22%3A%2220000131%22%7D%5D%2C%22obs%22%3A%5B%7B%22fld%22%3A%22dataTime%22%2C%22drt%22%3A%22ASC%22%7D%5D%7D&tr=A&pageNo=1&pageSize=50&position=23,20000101,10,"新西兰北岛,争睹,庆典",争睹第一缕阳光———访新西兰吉斯伯恩市。第二张是市长本人在阳光下微笑着向中国人民致以新千年的祝贺。市长的祝词是：欢迎中国客人来我们这个最先迎接新千年阳光的地区做客。
马吉德：中国地位日益提高,http://data.people.com.cn.proxy.library.georgetown.edu/rmrb/pd.html?qs=%7B%22cds%22%3A%5B%7B%22fld%22%3A%22dataTime.start%22%2C%22cdr%22%3A%22AND%22%2C%22hlt%22%3A%22false%22%2C%22vlr%22%3A%22AND%22%2C%22qtp%22%3A%22DEF%22%2C%22val%22%3A%2220000101%22%7D%2C%7B%22fld%22%3A%22dataTime.end%22%2C%22cdr%22%3A%22AND%22%2C%22hlt%22%3A%22false%22%2C%22vlr%22%3A%22AND%22%2C%22qtp%22%3A%22DEF%22%2C%22val%22%3A%2220000131%22%7D%5D%2C%22obs%22%3A%5B%7B%22fld%22%3A%22dataTime%22%2C%22drt%22%3A%22ASC%22%7D%5D%7D&tr=A&pageNo=1&pageSize=50&position=24,20000101,10,"马吉德,国际,经济",马吉德：中国地位日益提高。记者朱梦魁报道：阿盟秘书长马吉德今天在接受本报记者采访时发表了对新世纪的展望。
图片新闻,http://data.people.com.cn.proxy.library.georgetown.edu/rmrb/pd.html?qs=%7B%22cds%22%3A%5B%7B%22fld%22%3A%22dataTime.start%22%2C%22cdr%22%3A%22AND%22%2C%22hlt%22%3A%22false%22%2C%22vlr%22%3A%22AND%22%2C%22qtp%22%3A%22DEF%22%2C%22val%22%3A%2220000101%22%7D%2C%7B%22fld%22%3A%22dataTime.end%22%2C%22cdr%22%3A%22AND%22%2C%22hlt%22%3A%22false%22%2C%22vlr%22%3A%22AND%22%2C%22qtp%22%3A%22DEF%22%2C%22val%22%3A%2220000131%22%7D%5D%2C%22obs%22%3A%5B%7B%22fld%22%3A%22dataTime%22%2C%22drt%22%3A%22ASC%22%7D%5D%7D&tr=A&pageNo=1&pageSize=50&position=25,20000101,11,"“千年虫”,计算机,陈建力",图为日本政府厚生省工作人员在其办公大楼内设置的“2000年问题对策本部信息中心”紧张地工作。
跨入新千年　全球经济热,http://data.people.com.cn.proxy.library.georgetown.edu/rmrb/pd.html?qs=%7B%22cds%22%3A%5B%7B%22fld%22%3A%22dataTime.start%22%2C%22cdr%22%3A%22AND%22%2C%22hlt%22%3A%22false%22%2C%22vlr%22%3A%22AND%22%2C%22qtp%22%3A%22DEF%22%2C%22val%22%3A%2220000101%22%7D%2C%7B%22fld%22%3A%22dataTime.end%22%2C%22cdr%22%3A%22AND%22%2C%22hlt%22%3A%22false%22%2C%22vlr%22%3A%22AND%22%2C%22qtp%22%3A%22DEF%22%2C%22val%22%3A%2220000131%22%7D%5D%2C%22obs%22%3A%5B%7B%22fld%22%3A%22dataTime%22%2C%22drt%22%3A%22ASC%22%7D%5D%7D&tr=A&pageNo=1&pageSize=50&position=26,20000101,11,"经济,投资,信息技术",但也并不是所有的美国公司都对增加投资抱有热情。英国科技发展面临的挑战究竟何在？日本首相小渊倡导的“新纪元工程”计划开发下一代因特网技术、信息家庭电器技术等。
地中海　油轮事故频发之地　全球污染最重之域,http://data.people.com.cn.proxy.library.georgetown.edu/rmrb/pd.html?qs=%7B%22cds%22%3A%5B%7B%22fld%22%3A%22dataTime.start%22%2C%22cdr%22%3A%22AND%22%2C%22hlt%22%3A%22false%22%2C%22vlr%22%3A%22AND%22%2C%22qtp%22%3A%22DEF%22%2C%22val%22%3A%2220000101%22%7D%2C%7B%22fld%22%3A%22dataTime.end%22%2C%22cdr%22%3A%22AND%22%2C%22hlt%22%3A%22false%22%2C%22vlr%22%3A%22AND%22%2C%22qtp%22%3A%22DEF%22%2C%22val%22%3A%2220000131%22%7D%5D%2C%22obs%22%3A%5B%7B%22fld%22%3A%22dataTime%22%2C%22drt%22%3A%22ASC%22%7D%5D%7D&tr=A&pageNo=1&pageSize=50&position=27,20000101,11,"事件,污染,地中海",地中海油轮事故频发之地全球污染最重之域。由于受污海域近日狂风大作，马耳他籍油轮“埃里卡”号断裂沉没后泄出的重油形成的“黑潮”肆虐法国西部大西洋海岸，已有近200公里的海岸受到油膜和油斑侵袭。
美俄军官共捉虫　防止导弹互误射,http://data.people.com.cn.proxy.library.georgetown.edu/rmrb/pd.html?qs=%7B%22cds%22%3A%5B%7B%22fld%22%3A%22dataTime.start%22%2C%22cdr%22%3A%22AND%22%2C%22hlt%22%3A%22false%22%2C%22vlr%22%3A%22AND%22%2C%22qtp%22%3A%22DEF%22%2C%22val%22%3A%2220000101%22%7D%2C%7B%22fld%22%3A%22dataTime.end%22%2C%22cdr%22%3A%22AND%22%2C%22hlt%22%3A%22false%22%2C%22vlr%22%3A%22AND%22%2C%22qtp%22%3A%22DEF%22%2C%22val%22%3A%2220000131%22%7D%5D%2C%22obs%22%3A%5B%7B%22fld%22%3A%22dataTime%22%2C%22drt%22%3A%22ASC%22%7D%5D%7D&tr=A&pageNo=1&pageSize=50&position=28,20000101,11,"误射,监督,军事官员",（记者汤水富）美国和俄罗斯军事官员从30日上午开始在美国科罗拉多州的彼得森空军基地，密切监视因“千年虫”作怪可能引发两国导弹误射的情况发生。
伊石油换食品计划,http://data.people.com.cn.proxy.library.georgetown.edu/rmrb/pd.html?qs=%7B%22cds%22%3A%5B%7B%22fld%22%3A%22dataTime.start%22%2C%22cdr%22%3A%22AND%22%2C%22hlt%22%3A%22false%22%2C%22vlr%22%3A%22AND%22%2C%22qtp%22%3A%22DEF%22%2C%22val%22%3A%2220000101%22%7D%2C%7B%22fld%22%3A%22dataTime.end%22%2C%22cdr%22%3A%22AND%22%2C%22hlt%22%3A%22false%22%2C%22vlr%22%3A%22AND%22%2C%22qtp%22%3A%22DEF%22%2C%22val%22%3A%2220000131%22%7D%5D%2C%22obs%22%3A%5B%7B%22fld%22%3A%22dataTime%22%2C%22drt%22%3A%22ASC%22%7D%5D%7D&tr=A&pageNo=1&pageSize=50&position=29,20000101,11,"食品,规划,伊拉克外交部",伊石油换食品计划进口合同无理搁置食品供应日趋紧张。萨拉赫还指责驻海湾的美国海军19日再次无理扣留和检查根据“石油换食品”计划为伊拉克运输大米的中国货轮。
巴拿马运河区　唯恐有损形象　美国提前降旗,http://data.people.com.cn.proxy.library.georgetown.edu/rmrb/pd.html?qs=%7B%22cds%22%3A%5B%7B%22fld%22%3A%22dataTime.start%22%2C%22cdr%22%3A%22AND%22%2C%22hlt%22%3A%22false%22%2C%22vlr%22%3A%22AND%22%2C%22qtp%22%3A%22DEF%22%2C%22val%22%3A%2220000101%22%7D%2C%7B%22fld%22%3A%22dataTime.end%22%2C%22cdr%22%3A%22AND%22%2C%22hlt%22%3A%22false%22%2C%22vlr%22%3A%22AND%22%2C%22qtp%22%3A%22DEF%22%2C%22val%22%3A%2220000131%22%7D%5D%2C%22obs%22%3A%5B%7B%22fld%22%3A%22dataTime%22%2C%22drt%22%3A%22ASC%22%7D%5D%7D&tr=A&pageNo=1&pageSize=50&position=30,20000101,11,"提前降旗,巴拿马运河管理大楼,国旗",巴拿马运河区唯恐有损形象美国提前降旗。（记者徐发兴）美国政府30日下午5时突然改变与巴拿马政府达成的协议，将悬挂在巴拿马运河管理大楼前旗杆上的星条旗提前降下来，此举引起世人关注。这面国旗是此前悬挂在运河区的唯一一面美国国旗。
印航被劫人质获释,http://data.people.com.cn.proxy.library.georgetown.edu/rmrb/pd.html?qs=%7B%22cds%22%3A%5B%7B%22fld%22%3A%22dataTime.start%22%2C%22cdr%22%3A%22AND%22%2C%22hlt%22%3A%22false%22%2C%22vlr%22%3A%22AND%22%2C%22qtp%22%3A%22DEF%22%2C%22val%22%3A%2220000101%22%7D%2C%7B%22fld%22%3A%22dataTime.end%22%2C%22cdr%22%3A%22AND%22%2C%22hlt%22%3A%22false%22%2C%22vlr%22%3A%22AND%22%2C%22qtp%22%3A%22DEF%22%2C%22val%22%3A%2220000131%22%7D%5D%2C%22obs%22%3A%5B%7B%22fld%22%3A%22dataTime%22%2C%22drt%22%3A%22ASC%22%7D%5D%7D&tr=A&pageNo=1&pageSize=50&position=31,20000101,11,"人质,阿富汗塔利班当局,“极端分子”",印航被劫人质获释印释放3名“极端分子”作交换。记者李文云、丁子报道：印度航空公司被劫IC—814客机上的155名人质已于今天傍晚在坎大哈全部获释，他们预计在今晚当地时间9时左右抵达新德里。
寿终正寝女人瑞　无缘跨入三世纪,http://data.people.com.cn.proxy.library.georgetown.edu/rmrb/pd.html?qs=%7B%22cds%22%3A%5B%7B%22fld%22%3A%22dataTime.start%22%2C%22cdr%22%3A%22AND%22%2C%22hlt%22%3A%22false%22%2C%22vlr%22%3A%22AND%22%2C%22qtp%22%3A%22DEF%22%2C%22val%22%3A%2220000101%22%7D%2C%7B%22fld%22%3A%22dataTime.end%22%2C%22cdr%22%3A%22AND%22%2C%22hlt%22%3A%22false%22%2C%22vlr%22%3A%22AND%22%2C%22qtp%22%3A%22DEF%22%2C%22val%22%3A%2220000131%22%7D%5D%2C%22obs%22%3A%5B%7B%22fld%22%3A%22dataTime%22%2C%22drt%22%3A%22ASC%22%7D%5D%7D&tr=A&pageNo=1&pageSize=50&position=32,20000101,11,"克瑙斯,母亲,萨拉·克",寿终正寝女人瑞无缘跨入三世纪。记者马世琨报道：萨拉·克瑙斯没能跨过新千年的门坎。
送挂历杂谈（大千絮语）,http://data.people.com.cn.proxy.library.georgetown.edu/rmrb/pd.html?qs=%7B%22cds%22%3A%5B%7B%22fld%22%3A%22dataTime.start%22%2C%22cdr%22%3A%22AND%22%2C%22hlt%22%3A%22false%22%2C%22vlr%22%3A%22AND%22%2C%22qtp%22%3A%22DEF%22%2C%22val%22%3A%2220000101%22%7D%2C%7B%22fld%22%3A%22dataTime.end%22%2C%22cdr%22%3A%22AND%22%2C%22hlt%22%3A%22false%22%2C%22vlr%22%3A%22AND%22%2C%22qtp%22%3A%22DEF%22%2C%22val%22%3A%2220000131%22%7D%5D%2C%22obs%22%3A%5B%7B%22fld%22%3A%22dataTime%22%2C%22drt%22%3A%22ASC%22%7D%5D%7D&tr=A&pageNo=1&pageSize=50&position=33,20000101,11,"贺卡,慰问,“天增岁月人增寿”",送挂历杂谈（大千絮语）。欧洲人喜欢把挂历当记事本用。记得几年前国内就有人对印、送挂历提出过质疑和批评，认为它是滋生浪费、倒卖和腐败等不良社会现象的温床，因为这挂历文化导致开支大量公款。
越共总书记黎可漂会见唐家璇,http://data.people.com.cn.proxy.library.georgetown.edu/rmrb/pd.html?qs=%7B%22cds%22%3A%5B%7B%22fld%22%3A%22dataTime.start%22%2C%22cdr%22%3A%22AND%22%2C%22hlt%22%3A%22false%22%2C%22vlr%22%3A%22AND%22%2C%22qtp%22%3A%22DEF%22%2C%22val%22%3A%2220000101%22%7D%2C%7B%22fld%22%3A%22dataTime.end%22%2C%22cdr%22%3A%22AND%22%2C%22hlt%22%3A%22false%22%2C%22vlr%22%3A%22AND%22%2C%22qtp%22%3A%22DEF%22%2C%22val%22%3A%2220000131%22%7D%5D%2C%22obs%22%3A%5B%7B%22fld%22%3A%22dataTime%22%2C%22drt%22%3A%22ASC%22%7D%5D%7D&tr=A&pageNo=1&pageSize=50&position=34,20000101,11,"中越关系,越南共产党中央,和平",越共总书记黎可漂会见唐家璇高度评价两国签署陆地边界条约。（记者张加祥、侯鹤祥）越南共产党中央总书记黎可漂31日在河内会见了中国外交部长唐家璇。越中双方在这次陆地边界谈判过程中所表现出来的合作精神必将有力地推动双方在各个领域关系的发展。
剪纸,http://data.people.com.cn.proxy.library.georgetown.edu/rmrb/pd.html?qs=%7B%22cds%22%3A%5B%7B%22fld%22%3A%22dataTime.start%22%2C%22cdr%22%3A%22AND%22%2C%22hlt%22%3A%22false%22%2C%22vlr%22%3A%22AND%22%2C%22qtp%22%3A%22DEF%22%2C%22val%22%3A%2220000101%22%7D%2C%7B%22fld%22%3A%22dataTime.end%22%2C%22cdr%22%3A%22AND%22%2C%22hlt%22%3A%22false%22%2C%22vlr%22%3A%22AND%22%2C%22qtp%22%3A%22DEF%22%2C%22val%22%3A%2220000131%22%7D%5D%2C%22obs%22%3A%5B%7B%22fld%22%3A%22dataTime%22%2C%22drt%22%3A%22ASC%22%7D%5D%7D&tr=A&pageNo=1&pageSize=50&position=35,20000101,12,,
欢乐的扇子鼓（水彩画）,http://data.people.com.cn.proxy.library.georgetown.edu/rmrb/pd.html?qs=%7B%22cds%22%3A%5B%7B%22fld%22%3A%22dataTime.start%22%2C%22cdr%22%3A%22AND%22%2C%22hlt%22%3A%22false%22%2C%22vlr%22%3A%22AND%22%2C%22qtp%22%3A%22DEF%22%2C%22val%22%3A%2220000101%22%7D%2C%7B%22fld%22%3A%22dataTime.end%22%2C%22cdr%22%3A%22AND%22%2C%22hlt%22%3A%22false%22%2C%22vlr%22%3A%22AND%22%2C%22qtp%22%3A%22DEF%22%2C%22val%22%3A%2220000131%22%7D%5D%2C%22obs%22%3A%5B%7B%22fld%22%3A%22dataTime%22%2C%22drt%22%3A%22ASC%22%7D%5D%7D&tr=A&pageNo=1&pageSize=50&position=36,20000101,12,,
物阜年丰人寿考　好催龙马奋云程（书法）,http://data.people.com.cn.proxy.library.georgetown.edu/rmrb/pd.html?qs=%7B%22cds%22%3A%5B%7B%22fld%22%3A%22dataTime.start%22%2C%22cdr%22%3A%22AND%22%2C%22hlt%22%3A%22false%22%2C%22vlr%22%3A%22AND%22%2C%22qtp%22%3A%22DEF%22%2C%22val%22%3A%2220000101%22%7D%2C%7B%22fld%22%3A%22dataTime.end%22%2C%22cdr%22%3A%22AND%22%2C%22hlt%22%3A%22false%22%2C%22vlr%22%3A%22AND%22%2C%22qtp%22%3A%22DEF%22%2C%22val%22%3A%2220000131%22%7D%5D%2C%22obs%22%3A%5B%7B%22fld%22%3A%22dataTime%22%2C%22drt%22%3A%22ASC%22%7D%5D%7D&tr=A&pageNo=1&pageSize=50&position=37,20000101,12,书法,
梅竹同春（中国画）,http://data.people.com.cn.proxy.library.georgetown.edu/rmrb/pd.html?qs=%7B%22cds%22%3A%5B%7B%22fld%22%3A%22dataTime.start%22%2C%22cdr%22%3A%22AND%22%2C%22hlt%22%3A%22false%22%2C%22vlr%22%3A%22AND%22%2C%22qtp%22%3A%22DEF%22%2C%22val%22%3A%2220000101%22%7D%2C%7B%22fld%22%3A%22dataTime.end%22%2C%22cdr%22%3A%22AND%22%2C%22hlt%22%3A%22false%22%2C%22vlr%22%3A%22AND%22%2C%22qtp%22%3A%22DEF%22%2C%22val%22%3A%2220000131%22%7D%5D%2C%22obs%22%3A%5B%7B%22fld%22%3A%22dataTime%22%2C%22drt%22%3A%22ASC%22%7D%5D%7D&tr=A&pageNo=1&pageSize=50&position=38,20000101,12,,
伟人风范长留人间（品书札记）,http://data.people.com.cn.proxy.library.georgetown.edu/rmrb/pd.html?qs=%7B%22cds%22%3A%5B%7B%22fld%22%3A%22dataTime.start%22%2C%22cdr%22%3A%22AND%22%2C%22hlt%22%3A%22false%22%2C%22vlr%22%3A%22AND%22%2C%22qtp%22%3A%22DEF%22%2C%22val%22%3A%2220000101%22%7D%2C%7B%22fld%22%3A%22dataTime.end%22%2C%22cdr%22%3A%22AND%22%2C%22hlt%22%3A%22false%22%2C%22vlr%22%3A%22AND%22%2C%22qtp%22%3A%22DEF%22%2C%22val%22%3A%2220000131%22%7D%5D%2C%22obs%22%3A%5B%7B%22fld%22%3A%22dataTime%22%2C%22drt%22%3A%22ASC%22%7D%5D%7D&tr=A&pageNo=1&pageSize=50&position=39,20000101,12,"历史,中国少年儿童出版社,人物",伟人风范长留人间（品书札记）。”中国少年儿童出版社出版的《中国20世纪的三大伟人》（图为封面之一），正是作为一座能够让后人永远纪念、永远景仰的“伟人山”而设计的。中国少年儿童出版社出版的这一套《三大伟人》传记较好地注意了以上两个方面。
铺路,http://data.people.com.cn.proxy.library.georgetown.edu/rmrb/pd.html?qs=%7B%22cds%22%3A%5B%7B%22fld%22%3A%22dataTime.start%22%2C%22cdr%22%3A%22AND%22%2C%22hlt%22%3A%22false%22%2C%22vlr%22%3A%22AND%22%2C%22qtp%22%3A%22DEF%22%2C%22val%22%3A%2220000101%22%7D%2C%7B%22fld%22%3A%22dataTime.end%22%2C%22cdr%22%3A%22AND%22%2C%22hlt%22%3A%22false%22%2C%22vlr%22%3A%22AND%22%2C%22qtp%22%3A%22DEF%22%2C%22val%22%3A%2220000131%22%7D%5D%2C%22obs%22%3A%5B%7B%22fld%22%3A%22dataTime%22%2C%22drt%22%3A%22ASC%22%7D%5D%7D&tr=A&pageNo=1&pageSize=50&position=40,20000101,12,"用路铺路,思想,条路",铺路——新千年献诗。都是为了铺路在二十一世纪。用路铺路。到处都有铺路的队伍。铺路铺路铺路。
千年举杯（金台随感）,http://data.people.com.cn.proxy.library.georgetown.edu/rmrb/pd.html?qs=%7B%22cds%22%3A%5B%7B%22fld%22%3A%22dataTime.start%22%2C%22cdr%22%3A%22AND%22%2C%22hlt%22%3A%22false%22%2C%22vlr%22%3A%22AND%22%2C%22qtp%22%3A%22DEF%22%2C%22val%22%3A%2220000101%22%7D%2C%7B%22fld%22%3A%22dataTime.end%22%2C%22cdr%22%3A%22AND%22%2C%22hlt%22%3A%22false%22%2C%22vlr%22%3A%22AND%22%2C%22qtp%22%3A%22DEF%22%2C%22val%22%3A%2220000131%22%7D%5D%2C%22obs%22%3A%5B%7B%22fld%22%3A%22dataTime%22%2C%22drt%22%3A%22ASC%22%7D%5D%7D&tr=A&pageNo=1&pageSize=50&position=41,20000101,12,"千年举杯,《年轻的朋友来相会》,“再过二十年”",千年举杯（金台随感）。当时心里惦记的只是家中火炉膛下面的烤土豆。然而正像朱自清先生说的“洗手的时候，日子从水盆中过去。尽管前途并不平坦，我们有国有企业问题、有污染问题、有千年虫问题。
黄永玉推出“龙娃”,http://data.people.com.cn.proxy.library.georgetown.edu/rmrb/pd.html?qs=%7B%22cds%22%3A%5B%7B%22fld%22%3A%22dataTime.start%22%2C%22cdr%22%3A%22AND%22%2C%22hlt%22%3A%22false%22%2C%22vlr%22%3A%22AND%22%2C%22qtp%22%3A%22DEF%22%2C%22val%22%3A%2220000101%22%7D%2C%7B%22fld%22%3A%22dataTime.end%22%2C%22cdr%22%3A%22AND%22%2C%22hlt%22%3A%22false%22%2C%22vlr%22%3A%22AND%22%2C%22qtp%22%3A%22DEF%22%2C%22val%22%3A%2220000131%22%7D%5D%2C%22obs%22%3A%5B%7B%22fld%22%3A%22dataTime%22%2C%22drt%22%3A%22ASC%22%7D%5D%7D&tr=A&pageNo=1&pageSize=50&position=42,20000101,12,"黄永玉,“龙娃”,设计",献给龙年和新千年的礼物黄永玉推出“龙娃”。黄永玉此次设计的“龙娃”，基于中国传统文化关于龙的传说，同时发挥他所擅长的幽默风格。
龙说（茶楼）,http://data.people.com.cn.proxy.library.georgetown.edu/rmrb/pd.html?qs=%7B%22cds%22%3A%5B%7B%22fld%22%3A%22dataTime.start%22%2C%22cdr%22%3A%22AND%22%2C%22hlt%22%3A%22false%22%2C%22vlr%22%3A%22AND%22%2C%22qtp%22%3A%22DEF%22%2C%22val%22%3A%2220000101%22%7D%2C%7B%22fld%22%3A%22dataTime.end%22%2C%22cdr%22%3A%22AND%22%2C%22hlt%22%3A%22false%22%2C%22vlr%22%3A%22AND%22%2C%22qtp%22%3A%22DEF%22%2C%22val%22%3A%2220000131%22%7D%5D%2C%22obs%22%3A%5B%7B%22fld%22%3A%22dataTime%22%2C%22drt%22%3A%22ASC%22%7D%5D%7D&tr=A&pageNo=1&pageSize=50&position=43,20000101,12,"华夏民族,文化,民族历史",我们在那古陶美玉、甲骨青铜、秦砖汉瓦、青石素帛、硬黄蜡笺、紫檀红木、精金纯银上看到了龙的宁静与古老。华夏民族创造了龙的形象，这龙的形象便映现在人们的精神生活和物质生活中。
李静书法展在京举行,http://data.people.com.cn.proxy.library.georgetown.edu/rmrb/pd.html?qs=%7B%22cds%22%3A%5B%7B%22fld%22%3A%22dataTime.start%22%2C%22cdr%22%3A%22AND%22%2C%22hlt%22%3A%22false%22%2C%22vlr%22%3A%22AND%22%2C%22qtp%22%3A%22DEF%22%2C%22val%22%3A%2220000101%22%7D%2C%7B%22fld%22%3A%22dataTime.end%22%2C%22cdr%22%3A%22AND%22%2C%22hlt%22%3A%22false%22%2C%22vlr%22%3A%22AND%22%2C%22qtp%22%3A%22DEF%22%2C%22val%22%3A%2220000131%22%7D%5D%2C%22obs%22%3A%5B%7B%22fld%22%3A%22dataTime%22%2C%22drt%22%3A%22ASC%22%7D%5D%7D&tr=A&pageNo=1&pageSize=50&position=44,20000101,12,"李静,书法艺术,艺术",新千年来临之际，为纪念毛泽东同志诞辰一百零六周年，李静先生书法艺术展日前在首都中国历史博物馆隆重举行，同时展出的有毛泽东同志赠送李静先生的没有发表过的《蝶恋花》等诗词书法珍品。
圆梦,http://data.people.com.cn.proxy.library.georgetown.edu/rmrb/pd.html?qs=%7B%22cds%22%3A%5B%7B%22fld%22%3A%22dataTime.start%22%2C%22cdr%22%3A%22AND%22%2C%22hlt%22%3A%22false%22%2C%22vlr%22%3A%22AND%22%2C%22qtp%22%3A%22DEF%22%2C%22val%22%3A%2220000101%22%7D%2C%7B%22fld%22%3A%22dataTime.end%22%2C%22cdr%22%3A%22AND%22%2C%22hlt%22%3A%22false%22%2C%22vlr%22%3A%22AND%22%2C%22qtp%22%3A%22DEF%22%2C%22val%22%3A%2220000131%22%7D%5D%2C%22obs%22%3A%5B%7B%22fld%22%3A%22dataTime%22%2C%22drt%22%3A%22ASC%22%7D%5D%7D&tr=A&pageNo=1&pageSize=50&position=45,20000101,12,"母亲,和平鸽",分分秒秒是母亲的思念。是母亲迎接你的标志。是母亲送给你的荣冠。
共庆新禧,http://data.people.com.cn.proxy.library.georgetown.edu/rmrb/pd.html?qs=%7B%22cds%22%3A%5B%7B%22fld%22%3A%22dataTime.start%22%2C%22cdr%22%3A%22AND%22%2C%22hlt%22%3A%22false%22%2C%22vlr%22%3A%22AND%22%2C%22qtp%22%3A%22DEF%22%2C%22val%22%3A%2220000101%22%7D%2C%7B%22fld%22%3A%22dataTime.end%22%2C%22cdr%22%3A%22AND%22%2C%22hlt%22%3A%22false%22%2C%22vlr%22%3A%22AND%22%2C%22qtp%22%3A%22DEF%22%2C%22val%22%3A%2220000131%22%7D%5D%2C%22obs%22%3A%5B%7B%22fld%22%3A%22dataTime%22%2C%22drt%22%3A%22ASC%22%7D%5D%7D&tr=A&pageNo=1&pageSize=50&position=46,20000101,2,庆新禧,十二月三十一日，西安百对新人在西安交通大学思源会堂举行盛大集体婚礼，迎接新千年的到来。
首都举行迎接新世纪新千年庆祝活动,http://data.people.com.cn.proxy.library.georgetown.edu/rmrb/pd.html?qs=%7B%22cds%22%3A%5B%7B%22fld%22%3A%22dataTime.start%22%2C%22cdr%22%3A%22AND%22%2C%22hlt%22%3A%22false%22%2C%22vlr%22%3A%22AND%22%2C%22qtp%22%3A%22DEF%22%2C%22val%22%3A%2220000101%22%7D%2C%7B%22fld%22%3A%22dataTime.end%22%2C%22cdr%22%3A%22AND%22%2C%22hlt%22%3A%22false%22%2C%22vlr%22%3A%22AND%22%2C%22qtp%22%3A%22DEF%22%2C%22val%22%3A%2220000131%22%7D%5D%2C%22obs%22%3A%5B%7B%22fld%22%3A%22dataTime%22%2C%22drt%22%3A%22ASC%22%7D%5D%7D&tr=A&pageNo=1&pageSize=50&position=47,20000101,2,"庆典,庆祝活动,新世纪",首都举行迎接新世纪新千年庆祝活动江泽民发表二０００年贺词并点燃中华圣火李鹏朱镕基李瑞环胡锦涛尉健行李岚清等出席。1999年12月31日晚至2000年1月1日凌晨，首都各界迎接新世纪新千年庆祝活动在北京中华世纪坛举行。
迎接新世纪的曙光（社论）,http://data.people.com.cn.proxy.library.georgetown.edu/rmrb/pd.html?qs=%7B%22cds%22%3A%5B%7B%22fld%22%3A%22dataTime.start%22%2C%22cdr%22%3A%22AND%22%2C%22hlt%22%3A%22false%22%2C%22vlr%22%3A%22AND%22%2C%22qtp%22%3A%22DEF%22%2C%22val%22%3A%2220000101%22%7D%2C%7B%22fld%22%3A%22dataTime.end%22%2C%22cdr%22%3A%22AND%22%2C%22hlt%22%3A%22false%22%2C%22vlr%22%3A%22AND%22%2C%22qtp%22%3A%22DEF%22%2C%22val%22%3A%2220000131%22%7D%5D%2C%22obs%22%3A%5B%7B%22fld%22%3A%22dataTime%22%2C%22drt%22%3A%22ASC%22%7D%5D%7D&tr=A&pageNo=1&pageSize=50&position=48,20000101,2,"新世纪,改革,创新",当今年的新年钟声敲响，全中国人民、全世界人民都怀着无比兴奋的心情迎接将要到来的新世纪曙光。一定要充分重视并正确处理好新形势下的人民内部矛盾，着重解决好改革开放中人民群众关心的突出问题。
世纪坛前迎千年,http://data.people.com.cn.proxy.library.georgetown.edu/rmrb/pd.html?qs=%7B%22cds%22%3A%5B%7B%22fld%22%3A%22dataTime.start%22%2C%22cdr%22%3A%22AND%22%2C%22hlt%22%3A%22false%22%2C%22vlr%22%3A%22AND%22%2C%22qtp%22%3A%22DEF%22%2C%22val%22%3A%2220000101%22%7D%2C%7B%22fld%22%3A%22dataTime.end%22%2C%22cdr%22%3A%22AND%22%2C%22hlt%22%3A%22false%22%2C%22vlr%22%3A%22AND%22%2C%22qtp%22%3A%22DEF%22%2C%22val%22%3A%2220000131%22%7D%5D%2C%22obs%22%3A%5B%7B%22fld%22%3A%22dataTime%22%2C%22drt%22%3A%22ASC%22%7D%5D%7D&tr=A&pageNo=1&pageSize=50&position=49,20000101,2,"世纪坛,群众,庆典",9条长龙和200只狮子盘旋腾跃于圆形广场和青铜甬道。彩旗飘扬，歌潮涌动，北京城建系统的600名职工和来自大中学校的学生们护卫在青铜甬道两侧。火种是由荣获本世纪世界25名最佳运动员殊荣和“世纪之星”中国最佳运动员称号的李宁从北京周口店取回的。
